ID,food_title,recipe_url,ingredients_unique,instructions_unique,nutr_per_ingredient,nutr_values_per100g,weight_per_ingr
003f5c1abe,Chicken Cordon Bleu,http://www.food.com/recipe/chicken-cordon-bleu-ii-353636,"<ul><li>2 boneless skinless chicken breast halves  4 slices ham  2 ounces swiss cheese  1 beaten egg  1 tablespoon water  14 cup flour  12 cup breadcrumbs, seasoned  1 tablespoon butter  1 tablespoon cooking oil</li></ul>","<ol><li>Place chicken breasts between 2 pieces of plastic wrap.  Using flat side of meat mallet, pound chicken lightly into a rectangle about 1/4 inch thick.  Remove wrap and repeat with other breast.  Place 2 slices of ham on each chicken piece.  Cut a cheese wedge into 3 or 4 pieces and lay along center of ham slice.  Fold in bottom and sides; secure with toothpicks.  Coat rolls with flour.  Dip into bowl with egg and water mixture; coat with bread crumbs.  Dip in egg mixture again, coat with more bread crumbs.  Heat butter and oil in 10 inch skillet.  Cook rolls until browned on each side and no longer pink for about 15-20 minutes.  Bake in preheated 400 degree oven for an additional 15 minutes.</li></ol>",,,
005d660e01,Red Velvet Cupcakes,http://www.food.com/recipe/red-velvet-cupcakes-419096,"<ul><li>2 12 cups cake flour, sifted (not self- rising)  2 tablespoons unsweetened dutch cocoa  1 teaspoon salt  1 12 cups sugar  1 12 cups vegetable oil  2 large eggs, room temperature  12 teaspoon red gel-paste food coloring  1 teaspoon pure vanilla extract  1 cup buttermilk  1 12 teaspoons baking soda  2 teaspoons distilled white vinegar</li></ul>","<ol><li>Preheat oven to 350 degrees.  Line standard muffin tins with paper liners.  Whisk together cake flour, cocoa, and salt.  With an electric mixer on medium-high speed, whisk together sugar and oil until combined.  Add eggs, one at a time, beating until each is incorporated, scraping down sides of bowl as needed.  Mix in food color and vanilla.  Reduce speed to low.  Add flour mixture in three batches, alternating with two additions of buttermilk, and whisking well after each.  Stir together the baking soda and vinegar in a small bowl (it will foam); add mixture to the batter, and mix on medium speed 10 seconds.  Divide batter evenly among lined cups, filling each three-quarters full.  Bake, rotating tins halfway through, until a cake tester inserted in centers comes out clean, about 20 minutes.  Transfer tins to wire racks to cool completely before removing cupcakes.  Cupcakes can be stored overnight at room temperature, or frozen up to 2 months, in airtight containers.  To finish, use a small offset spatula to spread cupcakes with frosting.  Refrigerate up to 3 days in airtight containers; bring to room temperature before serving.</li></ol>",,,
02cf02ed70,Banana Banana Bread,http://www.food.com/recipe/banana-banana-bread-25885,"<ul><li>2 cups all-purpose flour  1 teaspoon baking soda  14 teaspoon salt  12 cup butter  34 cup brown sugar  2 large eggs, beaten  2 13 cups mashed very overripe bananas</li></ul>","<ol><li>Preheat oven to 350.  Lightly grease 9 x 5 loaf pan.  In large bowl, combine flour, soda and salt.  In separate bowl, cream together butter and brown sugar.  Stir in eggs and mashed bananas until well blended.  Stir banana mixture into flour mixture; stir just to moisten.  Pour batter into prepared loaf pan.  Bake in preheated oven for 60-65 minutes until a toothpick inserted into center of loaf comes out clean.  Let bread cool in pan for 10 minutes, then turn out onto a wire rack.</li></ol>",,,
03b1a2a0dc,Alfredo Sauce,http://www.food.com/recipe/alfredo-sauce-64196,<ul><li>12 cup butter  8 ounces cream cheese  8 ounces half-and-half cream  14 cup parmesan cheese  1 teaspoon garlic powder  black pepper (to taste)</li></ul>,"<ol><li>Melt butter in sauce pan.  Add cream cheese and whisk as you add half-and-half.  Whisk until smooth adding cheese, garlic powder and pepper.  Simmer until heated through.  Pour over any pasta you choose, we even liked it on cheese tortellini.  Serve with a nice green salad, garlic bread, and a nice glass of wine.  Very filling!  Thanks so much for all the reviews!  This is a recipe that is basic, as you can see from all the suggestions!  I hope that everyone continues to enjoy it, review it, and add your suggestions!  Thanks again!  GRITS.</li></ol>",,,
03b668bbd5,Amish White Bread,http://www.food.com/recipe/amish-white-bread-86759,<ul><li>2 cups warm water  23 cup white sugar  1 12 tablespoons active dry yeast  1 12 teaspoons salt  14 cup oil  6 cups bread flour</li></ul>,"<ol><li>In a large bowl, dissolve the sugar in warm water, then add the yeast.  When yeast is proofed, mix in salt and oil.  Mix in flour one cup at a time.  Knead dough adding more flour if necessary.  Place in a well oiled bowl and turn dough to coat.  Cover with a damp cloth.  Allow to rise until doubled in bulk, about 1 hour.  Punch dough down.  Knead for a few minutes and divide in half.  Shape into loaves, and place into oiled pans.  Allow to rise until dough has risen 1 inch above the pans.  Bake at 350 degrees for approximately 30 minutes.</li></ol>","[{'fat': 0.0, 'nrg': 0.0, 'pro': 0.0, 'sat': 0.0, 'sod': 16.0, 'sug': 0.0}, {'fat': 0.0, 'nrg': 17664.0, 'pro': 0.0, 'sat': 0.0, 'sod': 0.0, 'sug': 4625.76}, {'fat': 1.3499999999999999, 'nrg': 58.5, 'pro': 7.290000000000001, 'sat': 0.18, 'sod': 9.0, 'sug': 0.0}, {'fat': 0.0, 'nrg': 0.0, 'pro': 0.0, 'sat': 0.0, 'sod': 3487.5, 'sug': 0.0}, {'fat': 3024.0, 'nrg': 26656.0, 'pro': 0.0, 'sat': 417.536, 'sod': 0.0, 'sug': 0.0}, {'fat': 13.620000000000001, 'nrg': 2970.0, 'pro': 98.46000000000001, 'sat': 2.004, 'sod': 18.0, 'sug': 2.52}]","{'energy': 527.0665894872765, 'fat': 33.82872854375848, 'protein': 1.1771712269296704, 'salt': 0.09825066233274705, 'saturates': 4.672173119308947, 'sugars': 51.52035977469554}","[473.6, 4636.8, 18.0, 9.0, 3024.0, 822.0]"
0801f0a665,Bread Pudding,http://allrecipes.com/recipe/bread-pudding-ii-2/,"<ul><li>2 tablespoons butter, softened  2 1/2 cups cubed day old French bread  4 eggs, beaten  1/2 cup white sugar  1 teaspoon vanilla extract  2 cups milk, scalded  1 pinch ground nutmeg  1 tablespoon dark brown sugar  1 cup pecans, chopped (optional)</li></ul>","<ol><li>Preheat oven to 300 degrees F (150 degrees C).  Generously butter an 8x8 inch baking dish.  Prepare a water bath for the baking dish by placing a larger dish in the oven, and partially filling it with hot water.  Place bread cubes in the baking dish.  In a medium bowl, beat together eggs, sugar, and vanilla.  Slowly whisk in the scalded milk.  Pour over the bread.  Sprinkle with nutmeg, brown sugar, and pecans.  Place the baking dish in the water bath.  Bake for 50 to 60 minutes, or until a knife inserted in the middle comes out clean.  Serve either hot or chilled.</li></ol>",,,
09b9f76e66,Peanut Butter Cup Cookies,http://tastykitchen.com/recipes/desserts/peanut-butter-cup-cookies-7/,"<ul><li>1 cup Packed Brown Sugar  1/2 cups Butter, Softened  1/2 cups Creamy Peanut Butter  1 whole Egg  1- 1/4 cup All-purpose Flour  3/4 teaspoons Baking Soda  1/2 teaspoons Baking Powder  1/4 teaspoons Salt  1 cup Chopped Mini Peanut Butter Cups</li></ul>","<ol><li>In a large bowl, use an electric mixer on medium speed to cream brown sugar and butter until light and fluffy, about 1 minute.  Add peanut butter and egg, and beat until creamy.  In a small bowl, sift together flour, baking soda, baking powder, and salt.  Stir dry ingredients into wet ingredients.  Stir in peanut butter cups.  Chill dough for at least 2 hours and up to 24 hours.  Heat oven to 350 degrees F. Shape dough into 1 1/2 inch balls, and place the balls about 3 inches apart on un-greased cookie sheets.  Bake for 810 minutes, or until light brown.  Cool 5 minutes, then remove from cookie sheet to a wire rack.  Recipe adapted from Betty Crocker.</li></ol>",,,
09f915621b,Broiled Tilapia Parmesan,http://allrecipes.com/recipe/broiled-tilapia-parmesan/,"<ul><li>1/2 cup Parmesan cheese  1/4 cup butter, softened  3 tablespoons mayonnaise  2 tablespoons fresh lemon juice  1/4 teaspoon dried basil  1/4 teaspoon ground black pepper  1/8 teaspoon onion powder  1/8 teaspoon celery salt  2 pounds tilapia fillets</li></ul>","<ol><li>Preheat your oven's broiler.  Grease a broiling pan or line pan with aluminum foil.  In a small bowl, mix together the Parmesan cheese, butter, mayonnaise and lemon juice.  Season with dried basil, pepper, onion powder and celery salt.  Mix well and set aside.  Arrange fillets in a single layer on the prepared pan.  Broil a few inches from the heat for 2 to 3 minutes.  Flip the fillets over and broil for a couple more minutes.  Remove the fillets from the oven and cover them with the Parmesan cheese mixture on the top side.  Broil for 2 more minutes or until the topping is browned and fish flakes easily with a fork.  Be careful not to over cook the fish.</li></ol>",,,
0e46b84a82,Simple White Cake,http://allrecipes.com/recipe/simple-white-cake/,<ul><li>1 cup white sugar  1/2 cup butter  2 eggs  2 teaspoons vanilla extract  1 1/2 cups all-purpose flour  1 3/4 teaspoons baking powder  1/2 cup milk</li></ul>,"<ol><li>Preheat oven to 350 degrees F (175 degrees C).  Grease and flour a 9x9 inch pan or line a muffin pan with paper liners.  In a medium bowl, cream together the sugar and butter.  Beat in the eggs, one at a time, then stir in the vanilla.  Combine flour and baking powder, add to the creamed mixture and mix well.  Finally stir in the milk until batter is smooth.  Pour or spoon batter into the prepared pan.  Bake for 30 to 40 minutes in the preheated oven.  For cupcakes, bake 20 to 25 minutes.  Cake is done when it springs back to the touch.</li></ol>",,,
10161f93c9,Chicken Parmesan,http://www.food.com/recipe/chicken-parmesan-205922,"<ul><li>4 boneless skinless chicken breasts  2 eggs, beaten  1 12 cups flour (depends on size of chicken breasts)  1 12 cups seasoned bread crumbs (depends on size of chicken breasts)  12 cup shredded parmesan cheese (the very finely pre-shredded from the grocery store works best, divided)  1 cup tomato sauce  1 teaspoon basil  1 cup shredded mozzarella cheese</li></ul>",<ol><li>Preheat oven to 400 degrees.  With a mallet pound chicken to 1/4 inch.  Dredge in flour.  Coat in egg mixture.  Shake off excess and coat in bread crumbs mixed with 1/4 cup of the parmesan cheese.  Place in casserole sprayed or coated with oil.  Bake 20 minutes.  Remove from oven.  Spread some tomato sauce combined with the basil on top of each chicken breast.  Cover with mozzarella cheese.  Sprinkle with with the remaining 1/4 cup parmesan cheese.  Use any remaining tomato sauce to cover the edges of the chicken as they cook faster.  Place back in oven and cook for 15 to 20 minutes.  Serve with penne (or your favourite pasta) alfredo and a salad and garlic bread.</li></ol>,,,
11dd5cb8ad,To Die For Blueberry Muffins,http://allrecipes.com/recipe/to-die-for-blueberry-muffins/,"<ul><li>1 1/2 cups all-purpose flour  3/4 cup white sugar  1/2 teaspoon salt  2 teaspoons baking powder  1/3 cup vegetable oil  1 egg  1/3 cup milk  1 cup fresh blueberries  1/2 cup white sugar  1/3 cup all-purpose flour  1/4 cup butter, cubed  1 1/2 teaspoons ground cinnamon</li></ul>","<ol><li>Preheat oven to 400 degrees F (200 degrees C).  Grease muffin cups or line with muffin liners.  Combine 1 1/2 cups flour, 3/4 cup sugar, salt and baking powder.  Place vegetable oil into a 1 cup measuring cup; add the egg and enough milk to fill the cup.  Mix this with flour mixture.  Fold in blueberries.  Fill muffin cups right to the top, and sprinkle with crumb topping mixture.  To Make Crumb Topping: Mix together 1/2 cup sugar, 1/3 cup flour, 1/4 cup butter, and 1 1/2 teaspoons cinnamon.  Mix with fork, and sprinkle over muffins before baking.  Bake for 20 to 25 minutes in the preheated oven, or until done.</li></ol>",,,
17b99396ed,White Chocolate Raspberry Cheesecake,http://tastykitchen.com/recipes/desserts/white-chocolate-raspberry-cheesecake-3/,"<ul><li>8 ounces, weight Cream Cheese, Fat Free, Room Temperature  1/4 cups Sugar  1/4 teaspoons Vanilla Extract  1 whole Egg, At Room Temperature  1 pinch Salt  1/4 cups Vanilla Greek Yogurt  1/4 cups White Chocolate, Melted  9 whole Vanilla Wafer Cookies, Reduced Fat  2 Tablespoons Raspberry Jam</li></ul>","<ol><li>Preheat oven to 275 degrees F.  Line a standard muffin tin with 9 muffin foil liners and lightly spray with cooking spray.  In a small bowl add cream cheese and sugar and beat until creamy.  Add vanilla extract, egg and salt, beat until combined.  Beat in vanilla yogurt and white chocolate.  Place a vanilla wafer to the bottom of each muffin liner and evenly spoon the batter on top of the cookie wafer.  Evenly drop a small amount of raspberry jam into each of the cheesecakes and swirl with a knife.  Place in oven and bake, rotating pans halfway through, until filling is set, about 22-24 minutes.  Let cool on a wire rack.  Chill in the refrigerator for at least 4 hours, or up to overnight, before serving.  Tip: if the jam seems to thick, microwave for about 6 seconds and mix with a spoon.</li></ol>",,,
190b0bf77e,Good Old Fashioned Pancakes,http://allrecipes.com/recipe/good-old-fashioned-pancakes/,"<ul><li>1 1/2 cups all-purpose flour  3 1/2 teaspoons baking powder  1 teaspoon salt  1 tablespoon white sugar  1 1/4 cups milk  1 egg  3 tablespoons butter, melted</li></ul>","<ol><li>In a large bowl, sift together the flour, baking powder, salt and sugar.  Make a well in the center and pour in the milk, egg and melted butter; mix until smooth.  Heat a lightly oiled griddle or frying pan over medium high heat.  Pour or scoop the batter onto the griddle, using approximately 1/4 cup for each pancake.  Brown on both sides and serve hot.</li></ol>",,,
1e5ce452a2,Marshmallow Fondant,http://allrecipes.com/recipe/marshmallow-fondant/,"<ul><li>1/4 cup butter  1 (16 ounce) package miniature marshmallows  1/4 cup water  1 teaspoon vanilla extract  2 pounds confectioners' sugar, divided</li></ul>","<ol><li>Place the butter in a shallow bowl, and set aside.  Place the marshmallows in a large microwave-safe bowl, and microwave on High for 30 seconds to 1 minute to start melting the marshmallows.  Carefully stir the water and vanilla extract into the hot marshmallows, and stir until the mixture is smooth.  Slowly beat in the confectioners' sugar, a cup at a time, until you have a sticky dough.  Reserve 1 cup of powdered sugar for kneading.  The dough will be very stiff.  Rub your hands thoroughly with butter, and begin kneading the sticky dough.  As you knead, the dough will become workable and pliable.  Turn the dough out onto a working surface dusted with confectioners' sugar and continue kneading until the fondant is smooth and no longer sticky to the touch, 5 to 10 minutes.  Form the fondant into a ball, wrap it tightly in plastic wrap, and refrigerate overnight.  To use, allow the fondant to come to room temperature, and roll it out onto a flat surface dusted with confectioners' sugar.</li></ol>",,,
22493bd476,Chantal's New York Cheesecake,http://allrecipes.com/recipe/chantals-new-york-cheesecake/,"<ul><li>15 graham crackers, crushed  2 tablespoons butter, melted  4 (8 ounce) packages cream cheese  1 1/2 cups white sugar  3/4 cup milk  4 eggs  1 cup sour cream  1 tablespoon vanilla extract  1/4 cup all-purpose flour</li></ul>","<ol><li>Preheat oven to 350 degrees F (175 degrees C).  Grease a 9 inch springform pan.  In a medium bowl, mix graham cracker crumbs with melted butter.  Press onto bottom of springform pan.  In a large bowl, mix cream cheese with sugar until smooth.  Blend in milk, and then mix in the eggs one at a time, mixing just enough to incorporate.  Mix in sour cream, vanilla and flour until smooth.  Pour filling into prepared crust.  Bake in preheated oven for 1 hour.  Turn the oven off, and let cake cool in oven with the door closed for 5 to 6 hours; this prevents cracking.  Chill in refrigerator until serving.</li></ol>",,,
2694996b12,Cajun Chicken Pasta,http://tastykitchen.com/recipes/main-courses/cajun-chicken-pasta-3/,"<ul><li>1 box Penne Pasta  2 pieces Chicken Breast, Boneless, Skinless  1 Tablespoon Olive Oil  4 teaspoons Cajun Seasoning  1 whole Green Bell Pepper, Sliced  1 whole Red Bell Pepper, Sliced  1 package Andouille Sausage Sliced Into 1/2 Inch Slices  1- 1/2 cup Heavy Cream  Black Pepper To Taste  1 teaspoon Dried Basil  2 Tablespoons Grated Parmesan Cheese  1/4 teaspoons Lemon Pepper  1/4 teaspoons Garlic Pepper  1/2 cups Shredded Italian Cheese Blend</li></ul>","<ol><li>Cook pasta until al dente.  Drain.  Place chicken and Cajun seasoning in a bowl, toss to coat.  In a large skillet, over medium heat, saute chicken in olive oil for 5-7 minutes (also great cooked on grill).  Add green & red bell peppers along with Andouille sausage.  Cook for 2-3 minutes.  Reduce heat and stir in heavy cream.  Season sauce with all the spices, heat through.  Add Italian cheese blend and 1-2 tsp.  more Cajun seasoning and simmer.  Serve warm over pasta and enjoy!</li></ol>",,,
28584cfe30,Cake Balls,http://allrecipes.com/recipe/cake-balls/,<ul><li>1 (18.25 ounce) package chocolate cake mix  1 (16 ounce) container prepared chocolate frosting  1 (3 ounce) bar chocolate flavored confectioners coating</li></ul>,"<ol><li>Prepare the cake mix according to package directions using any of the recommended pan sizes.  When cake is done, crumble while warm into a large bowl, and stir in the frosting until well blended.  Melt chocolate coating in a glass bowl in the microwave, or in a metal bowl over a pan of simmering water, stirring occasionally until smooth.  Use a melon baller or small scoop to form balls of the chocolate cake mixture.  Dip the balls in chocolate using a toothpick or fork to hold them.  Place on waxed paper to set.</li></ol>",,,
29f548ac08,Downeast Maine Pumpkin Bread,http://allrecipes.com/recipe/downeast-maine-pumpkin-bread/,<ul><li>1 (15 ounce) can pumpkin puree  4 eggs  1 cup vegetable oil  2/3 cup water  3 cups white sugar  3 1/2 cups all-purpose flour  2 teaspoons baking soda  1 1/2 teaspoons salt  1 teaspoon ground cinnamon  1 teaspoon ground nutmeg  1/2 teaspoon ground cloves  1/4 teaspoon ground ginger</li></ul>,"<ol><li>Preheat oven to 350 degrees F (175 degrees C).  Grease and flour three 7x3 inch loaf pans.  In a large bowl, mix together pumpkin puree, eggs, oil, water and sugar until well blended.  In a separate bowl, whisk together the flour, baking soda, salt, cinnamon, nutmeg, cloves and ginger.  Stir the dry ingredients into the pumpkin mixture until just blended.  Pour into the prepared pans.  Bake for about 50 minutes in the preheated oven.  Loaves are done when toothpick inserted in center comes out clean.</li></ol>",,,
2b3fc94329,Easy OREO Truffles,http://allrecipes.com/recipe/easy-oreo-truffles/,"<ul><li>1 (16 ounce) package OREO Chocolate Sandwich Cookies, divided  1 (8 ounce) package PHILADELPHIA Cream Cheese, softened  2 (8 ounce) packages BAKER'S Semi-Sweet Baking Chocolate, melted</li></ul>","<ol><li>Crush 9 of the cookies to fine crumbs in food processor; reserve for later use.  (Cookies can also be finely crushed in a resealable plastic bag using a rolling pin.)  Crush remaining 36 cookies to fine crumbs; place in medium bowl.  Add cream cheese; mix until well blended.  Roll cookie mixture into 42 balls, about 1-inch in diameter.  Dip balls in chocolate; place on wax paper-covered baking sheet.  (Any leftover chocolate can be stored at room temperature for another use.)  Sprinkle with reserved cookie crumbs.  Refrigerate until firm, about 1 hour.  Store leftover truffles, covered, in refrigerator.</li></ol>",,,
35490d8d22,Ninety Minute Cinnamon Rolls,http://allrecipes.com/recipe/ninety-minute-cinnamon-rolls/,"<ul><li>3/4 cup milk  1/4 cup margarine, softened  3 1/4 cups all-purpose flour  1 (.25 ounce) package instant yeast  1/4 cup white sugar  1/2 teaspoon salt  1/4 cup water  1 egg  1 cup brown sugar, packed  1 tablespoon ground cinnamon  1/2 cup margarine, softened  1/2 cup raisins (optional)</li></ul>","<ol><li>Heat the milk in a small saucepan until it bubbles, then remove from heat.  Mix in margarine; stir until melted.  Let cool until lukewarm.  In a large mixing bowl, combine 2 1/4 cup flour, yeast, sugar and salt; mix well.  Add water, egg and the milk mixture; beat well.  Add the remaining flour, 1/2 cup at a time, stirring well after each addition.  When the dough has just pulled together, turn it out onto a lightly floured surface and knead until smooth, about 5 minutes.  Cover the dough with a damp cloth and let rest for 10 minutes.  Meanwhile, in a small bowl, mix together brown sugar, cinnamon, softened margarine.  Roll out dough into a 12x9 inch rectangle.  Spread dough with margarine/sugar mixture.  Sprinkle with raisins if desired.  Roll up dough and pinch seam to seal.  Cut into 12 equal size rolls and place cut side up in 12 lightly greased muffin cups.  Cover and let rise until doubled, about 30 minutes.  Preheat oven to 375 degrees F (190 degrees C).  Bake in the preheated oven for 20 minutes, or until browned.  Remove from muffin cups to cool.  Serve warm</li></ol>",,,
36fee2a14b,Clone of a Cinnabon,http://allrecipes.com/recipe/clone-of-a-cinnabon/,"<ul><li>1 cup warm milk (110 degrees F/45 degrees C)  2 eggs, room temperature  1/3 cup margarine, melted  4 1/2 cups bread flour  1 teaspoon salt  1/2 cup white sugar  2 1/2 teaspoons bread machine yeast  1 cup brown sugar, packed  2 1/2 tablespoons ground cinnamon  1/3 cup butter, softened  1 (3 ounce) package cream cheese, softened  1/4 cup butter, softened  1 1/2 cups confectioners' sugar  1/2 teaspoon vanilla extract  1/8 teaspoon salt</li></ul>","<ol><li>Place ingredients in the pan of the bread machine in the order recommended by the manufacturer.  Select dough cycle; press Start.  After the dough has doubled in size turn it out onto a lightly floured surface, cover and let rest for 10 minutes.  In a small bowl, combine brown sugar and cinnamon.  Roll dough into a 16x21-inch rectangle.  Spread dough with 1/3 cup butter and sprinkle evenly with sugar/cinnamon mixture.  Roll up dough and cut into 12 rolls.  Place rolls in a lightly greased 9x13 inch baking pan.  Cover and let rise until nearly doubled, about 30 minutes.  Meanwhile, preheat oven to 400 degrees F (200 degrees C).  Bake rolls in preheated oven until golden brown, about 15 minutes.  While rolls are baking, beat together cream cheese, 1/4 cup butter, confectioners' sugar, vanilla extract and salt.  Spread frosting on warm rolls before serving.</li></ol>",,,
3eb6f5b898,Carrot Cake,http://allrecipes.com/recipe/carrot-cake-iii/,"<ul><li>4 eggs  1 1/4 cups vegetable oil  2 cups white sugar  2 teaspoons vanilla extract  2 cups all-purpose flour  2 teaspoons baking soda  2 teaspoons baking powder  1/2 teaspoon salt  2 teaspoons ground cinnamon  3 cups grated carrots  1 cup chopped pecans  1/2 cup butter, softened  8 ounces cream cheese, softened  4 cups confectioners' sugar  1 teaspoon vanilla extract  1 cup chopped pecans</li></ul>","<ol><li>Preheat oven to 350 degrees F (175 degrees C).  Grease and flour a 9x13 inch pan.  In a large bowl, beat together eggs, oil, white sugar and 2 teaspoons vanilla.  Mix in flour, baking soda, baking powder, salt and cinnamon.  Stir in carrots.  Fold in pecans.  Pour into prepared pan.  Bake in the preheated oven for 40 to 50 minutes, or until a toothpick inserted into the center of the cake comes out clean.  Let cool in pan for 10 minutes, then turn out onto a wire rack and cool completely.  To Make Frosting: In a medium bowl, combine butter, cream cheese, confectioners' sugar and 1 teaspoon vanilla.  Beat until the mixture is smooth and creamy.  Stir in chopped pecans.  Frost the cooled cake.</li></ol>",,,
4a6af9e6d1,Bacon Wrapped Chicken Breast,https://cookpad.com/us/recipes/330994-bacon-wrapped-chicken-breast,<ul><li>2 lb Chicken breasts  12 Strips of Bacon  1 cup Honey</li></ul>,"<ol><li>Preheat oven to 375F.  Cut and trim chicken breasts and season with your choice of seasoning.  Wrap chicken breasts with bacon, using toothpicks to secure the strips as needed.  It should take about two strips per breast.  Brush the honey over the bacon-wrapped chicken.  Cook for about 30 to 40 minutes and enjoy when done.</li></ol>",,,
4e363c50ec,Soft Oatmeal Cookies,https://cookpad.com/us/recipes/330356-soft-oatmeal-cookies,"<ul><li>1 cup butter, softened  1 cup white sugar  1 cup packed brown sugar  2 eggs  1 tsp vanilla extract  2 cup all-purpose flour  1 tsp baking soda  1 tsp salt  1 1/2 tsp ground cinnamon  3 cup quick cooking oats</li></ul>","<ol><li>In a medium bowl, cream together butter, white sugar, and brown sugar.  Beat in eggs one at a time, then stir in vanilla.  Combine flour, baking soda, salt, and cinnamon; stir into the creamed mixture.  Mix in Oats.  Cover, and chill dough for at least one hour.  Preheat the oven to 375F.  Grease cookie sheets.  Till the dough into walnut sized balls, and place 2 inched apart on cookie sheets.  Flatten each cookie with a large fork dipped in sugar.  Bake for 8-10 minutes in preheated oven.  Allow cookies to cool on baking sheet for 5 minutes before transferring to a wire rack to cool completely.</li></ol>",,,
5573a2b0d1,"Sweet, Sticky and Spicy Chicken",http://allrecipes.com/recipe/sweet-sticky-and-spicy-chicken/,"<ul><li>1 tablespoon brown sugar  2 tablespoons honey  1/4 cup soy sauce  2 teaspoons chopped fresh ginger root  2 teaspoons chopped garlic  2 tablespoons hot sauce  salt and pepper to taste  4 skinless, boneless chicken breast halves - cut into 1/2 inch strips  1 tablespoon vegetable oil</li></ul>","<ol><li>Mix together brown sugar, honey, soy sauce, ginger, garlic and hot sauce in a small bowl.  Lightly salt and pepper the chicken strips.  Heat oil in a large skillet over medium heat.  Add chicken strips and brown on both sides, about 1 minute per side.  Pour the sauce over the chicken.  Simmer uncovered until the sauce thickens, 8 to 10 minutes.</li></ol>",,,
5809e8b1af,Mom's Zucchini Bread,http://allrecipes.com/recipe/moms-zucchini-bread/,<ul><li>3 cups all-purpose flour  1 teaspoon salt  1 teaspoon baking soda  1 teaspoon baking powder  3 teaspoons ground cinnamon  3 eggs  1 cup vegetable oil  2 1/4 cups white sugar  3 teaspoons vanilla extract  2 cups grated zucchini  1 cup chopped walnuts</li></ul>,"<ol><li>Grease and flour two 8 x 4 inch pans.  Preheat oven to 325 degrees F (165 degrees C).  Sift flour, salt, baking powder, soda, and cinnamon together in a bowl.  Beat eggs, oil, vanilla, and sugar together in a large bowl.  Add sifted ingredients to the creamed mixture, and beat well.  Stir in zucchini and nuts until well combined.  Pour batter into prepared pans.  Bake for 40 to 60 minutes, or until tester inserted in the center comes out clean.  Cool in pan on rack for 20 minutes.  Remove bread from pan, and completely cool.</li></ol>",,,
62a7cb12c2,Baked MAC and Cheese,https://cookpad.com/us/recipes/330578-baked-mac-and-cheese,<ul><li>16 oz elbow macaroni  2 cup cheddar cheese  1 cup colby cheese  3 cup milk  1/4 cup butter  2 1/2 tbsp flour  2 tsp salt  1/2 tsp onion powder  2 tsp sugar</li></ul>,"<ol><li>cook elbows according to direction.  melt butter over low heat.  stir in enough of the flour to make a roux.  add milk slowly to butter mixture.  upon thickening, add the cheeses slowly, reserving 1/4 cup for top.  add in salt, sugar and onion powder.  add cooked macaroni to baking dish and pour cheese sauce over top.  add leftover cheese on top and bake at 350* for 30 min.</li></ol>",,,
63c4c3d755,Big Soft Ginger Cookies,http://allrecipes.com/recipe/big-soft-ginger-cookies/,"<ul><li>2 1/4 cups all-purpose flour  2 teaspoons ground ginger  1 teaspoon baking soda  3/4 teaspoon ground cinnamon  1/2 teaspoon ground cloves  1/4 teaspoon salt  3/4 cup margarine, softened  1 cup white sugar  1 egg  1 tablespoon water  1/4 cup molasses  2 tablespoons white sugar</li></ul>","<ol><li>Preheat oven to 350 degrees F (175 degrees C).  Sift together the flour, ginger, baking soda, cinnamon, cloves, and salt.  Set aside.  In a large bowl, cream together the margarine and 1 cup sugar until light and fluffy.  Beat in the egg, then stir in the water and molasses.  Gradually stir the sifted ingredients into the molasses mixture.  Shape dough into walnut sized balls, and roll them in the remaining 2 tablespoons of sugar.  Place the cookies 2 inches apart onto an ungreased cookie sheet, and flatten slightly.  Bake for 8 to 10 minutes in the preheated oven.  Allow cookies to cool on baking sheet for 5 minutes before removing to a wire rack to cool completely.  Store in an airtight container.</li></ol>",,,
694b2eb143,Easy Chicken with Broccoli,https://cookpad.com/us/recipes/338239-easy-chicken-with-broccoli,"<ul><li>1 1/2 boneless, skinless chicken breasts, cut in to bite-sized pieces  1 lb fresh broccoli florets  3 tbsp vegetable oil  1/2 tsp baking soda  1 tsp sugar  1 tbsp cornstarch  1 tbsp low-sodium soy sauce  1 tbsp water  2 tbsp vegetable oil  1/4 cup + 1 Tbsp low-sodium soy sauce  2 tbsp brown sugar  2 tbsp flour  4 clove garlic, minced  2 tbsp rice vinegar  1/2 tsp red pepper flakes</li></ul>","<ol><li>Whisk together the marinade ingredients (baking soda, sugar, soy sauce, water, and vegetable oil) in a bowl.  Toss the chicken into the marinade to coat.  Set aside.  In a separate bowl, stir together sauce ingredients (soy sauce, brown sugar, garlic, flour, rice vinegar, and red pepper flakes).  Set aside.  Heat 2 tbsp vegetable oil over high heat.  Add broccoli and saute for 2-3 minutes.  Transfer broccoli to a plate.  Reduce heat to medium-high and add the remaining tbsp of oil.  Add the marinated chicken and half of the sauce mixture and saute until the chicken is cooked through and no longer pink.  Stir in the broccoli and the remaining sauce.  Cook for another minute or two to thicken sauce.  Serve with white or brown rice.  NOTE: Beef can be used instead of chicken.  Just cover and marinade in the refrigerator for at least an hour to make the beef tender.</li></ol>",,,
694f0c8695,Best Brownies,http://tastykitchen.com/recipes/desserts/best-brownies-2/,"<ul><li>4 ounces, weight Unsweetened Chocolate  2 sticks Butter Or Margarine  1- 1/2 cup Flour  1 teaspoon Baking Powder  1- 1/2 teaspoon Salt  4 whole Eggs  2 cups Sugar  2 teaspoons Vanilla  3 Tablespoons Dark Karo Syrup  1 pound Confectioners Sugar</li></ul>","<ol><li>Grease and flour a 13 x 9 pan.  Heat oven to 325 degrees F. Melt chocolate and margarine together and let cool.  Sift dry ingredients.  Beat eggs until light, then add sugar.  Then add chocolate mixture, followed by the dry ingredients.  Add vanilla and syrup.  Pour into the pan.  Bake for 3035 minutes.  Let cool.  Cut into squares and roll in powdered sugar.</li></ol>",,,
6a56b51b4b,World's Best Lasagna,http://www.food.com/recipe/worlds-best-lasagna-430843,"<ul><li>1 lb sweet Italian sausage  34 lb lean ground beef  12 cup minced onion  2 garlic cloves, crushed  1 (28 ounce) can crushed tomatoes  2 (6 ounce) cans tomato paste  2 (6 1/2 ounce) cans canned tomato sauce  12 cup water  2 tablespoons white sugar  1 12 teaspoons dried basil leaves  12 teaspoon fennel seed  1 teaspoon italian seasoning  1 tablespoon salt  14 teaspoon ground black pepper  4 tablespoons chopped fresh parsley  12 lasagna noodles  16 ounces ricotta cheese  1 egg  12 teaspoon salt  34 lb mozzarella cheese, sliced  34 cup grated parmesan cheese</li></ul>","<ol><li>In a Dutch oven, cook sausage, ground beef, onion, and garlic over medium heat until well browned.  Stir in crushed tomatoes, tomato paste, tomato sauce, and water.  Season with sugar, basil, fennel seeds, Italian seasoning, 1 tablespoon salt, pepper, and 2 tablespoons parsley.  Simmer, covered, for about 1 1/2 hours, stirring occasionally.  Bring a large pot of lightly salted water to a boil.  Cook lasagna noodles in boiling water for 8 to 10 minutes.  Drain noodles, and rinse with cold water.  In a mixing bowl, combine ricotta cheese with egg, remaining parsley, and 1/2 teaspoon salt.  Preheat oven to 375 degrees F (190 degrees C).  To assemble, spread 1 1/2 cups of meat sauce in the bottom of a 9x13 inch baking dish.  Arrange 6 noodles lengthwise over meat sauce.  Spread with one half of the ricotta cheese mixture.  Top with a third of mozzarella cheese slices.  Spoon 1 1/2 cups meat sauce over mozzarella, and sprinkle with 1/4 cup Parmesan cheese.  Repeat layers, and top with remaining mozzarella and Parmesan cheese.  Cover with foil: to prevent sticking, either spray foil with cooking spray, or make sure the foil does not touch the cheese.  Bake in preheated oven for 25 minutes.  Remove foil, and bake an additional 25 minutes.  Cool for 15 minutes before serving.</li></ol>",,,
6b3b2a34a1,The Best Rolled Sugar Cookies,http://allrecipes.com/recipe/the-best-rolled-sugar-cookies/,"<ul><li>1 1/2 cups butter, softened  2 cups white sugar  4 eggs  1 teaspoon vanilla extract  5 cups all-purpose flour  2 teaspoons baking powder  1 teaspoon salt</li></ul>","<ol><li>In a large bowl, cream together butter and sugar until smooth.  Beat in eggs and vanilla.  Stir in the flour, baking powder, and salt.  Cover, and chill dough for at least one hour (or overnight).  Preheat oven to 400 degrees F (200 degrees C).  Roll out dough on floured surface 1/4 to 1/2 inch thick.  Cut into shapes with any cookie cutter.  Place cookies 1 inch apart on ungreased cookie sheets.  Bake 6 to 8 minutes in preheated oven.  Cool completely.</li></ol>",,,
725992725c,Rick's Special Buttercream Frosting,http://allrecipes.com/recipe/ricks-special-buttercream-frosting/,<ul><li>2 cups shortening  8 cups confectioners' sugar  1/2 teaspoon salt  2 teaspoons vanilla extract  1 cup heavy whipping cream</li></ul>,"<ol><li>In a mixing bowl, cream shortening until fluffy.  Add sugar, and continue creaming until well blended.  Add salt, vanilla, and 6 ounces whipping cream.  Blend on low speed until moistened.  Add additional 2 ounces whipping cream if necessary.  Beat at high speed until frosting is fluffy.</li></ol>",,,
741ec9f709,Parmesan Chicken Squares,https://cookpad.com/us/recipes/333769-parmesan-chicken-squares,<ul><li>2 cup cooked chicken (diced)  3 oz soft cream cheese  1 tbsp melted butter  1/4 tsp salt  1/4 tsp pepper  1/4 tsp garlic salt  2 tbsp milk  1 tbsp chopped onion  1 packages crescent dinner rolls  1 tbsp melted butter  4 tbsp parmesan cheese</li></ul>,"<ol><li>Preheat oven to 350 degrees F  Blend cream cheese and 1 tablespoon melted butter.  Add chicken, salt, pepper, garlic salt, milk and chopped onion.  Set mixture aside  Unroll 1 package of Crescent dinner rolls.  Divide into 4 squares, sealing preforations and forming four squares.  Place 1/2 cup chicken mixture into center and draw up 4 corners to seal  Brush tops with 1 tablespoon melted butter and sprinkle with Parmesan cheese.  Bake at 350 degrees F for 20 to 25 minutes until the tops are golden brown</li></ol>",,,
763c10e294,Award Winning Soft Chocolate Chip Cookies,http://allrecipes.com/recipe/award-winning-soft-chocolate-chip-cookies/,"<ul><li>4 1/2 cups all-purpose flour  2 teaspoons baking soda  2 cups butter, softened  1 1/2 cups packed brown sugar  1/2 cup white sugar  2 (3.4 ounce) packages instant vanilla pudding mix  4 eggs  2 teaspoons vanilla extract  4 cups semisweet chocolate chips  2 cups chopped walnuts (optional)</li></ul>","<ol><li>Preheat oven to 350 degrees F (175 degrees C).  Sift together the flour and baking soda, set aside.  In a large bowl, cream together the butter, brown sugar, and white sugar.  Beat in the instant pudding mix until blended.  Stir in the eggs and vanilla.  Blend in the flour mixture.  Finally, stir in the chocolate chips and nuts.  Drop cookies by rounded spoonfuls onto ungreased cookie sheets.  Bake for 10 to 12 minutes in the preheated oven.  Edges should be golden brown.</li></ol>",,,
8031a5284f,Bomb Ass Potatoes,https://cookpad.com/us/recipes/331806-bomb-ass-potatoes,<ul><li>4 large potatoes  3 cup shredded cheddar cheese  1 packages cream cheese  3 tbsp butter or margarine  1/4 cup milk  1/2 tbsp garlic powder  1/2 tbsp onion powder  1/2 tbsp black pepper  1 tbsp salt (for water only)</li></ul>,"<ol><li>Preheat oven to 425F.  That's right, this ain't yer mama's mashed potatoes.  Skin potatoes, cut into chunks, add salt and potatoes to boiling water (like you are making mashed potatoes).  While yer waitin' on that pot to boil, be productive.  Microwave the cream cheese until slightly soft.  When you stick a fork in them taters, and they are mushy, drain 'em!  Return them to the pot.  Add milk, pepper, onion powder, garlic powder, margarine, 2 cups cheese (saving the rest), and my favorite ingredient, the cream cheese.  Mash that $hit!  Make it creamy.  Put some muscle into it.  Fine!  Use the mixer if you can't handle the pressure.  Get out a baking dish.  You know, the one that you use for cake recipes?  (I used an 11x7) Pour that delicious potato goodness in there and spread it around like your life depended on it.  Add remaining cheese on top.  If it doesn't look like enough, add some more.  We don't want to skip out on this part.  Bake for about 25-30 minutes so cheese is beautifully bubbly and golden.  To turn this into Bomb-Diggety Ass Potatoes, cook up some bacon and add that with some green onions after your mashing session.  CAUTION: You may wake up the next day wondering what happened.</li></ol>",,,
85054eb50d,Delicious Ham and Potato Soup,http://allrecipes.com/recipe/delicious-ham-and-potato-soup/,"<ul><li>3 1/2 cups peeled and diced potatoes  1/3 cup diced celery  1/3 cup finely chopped onion  3/4 cup diced cooked ham  3 1/4 cups water  2 tablespoons chicken bouillon granules  1/2 teaspoon salt, or to taste  1 teaspoon ground white or black pepper, or to taste  5 tablespoons butter  5 tablespoons all-purpose flour  2 cups milk</li></ul>","<ol><li>Combine the potatoes, celery, onion, ham and water in a stockpot.  Bring to a boil, then cook over medium heat until potatoes are tender, about 10 to 15 minutes.  Stir in the chicken bouillon, salt and pepper.  In a separate saucepan, melt butter over medium-low heat.  Whisk in flour with a fork, and cook, stirring constantly until thick, about 1 minute.  Slowly stir in milk as not to allow lumps to form until all of the milk has been added.  Continue stirring over medium-low heat until thick, 4 to 5 minutes.  Stir the milk mixture into the stockpot, and cook soup until heated through.  Serve immediately.</li></ol>",,,
8a260f2fcc,Special Buttercream Frosting,http://allrecipes.com/recipe/special-buttercream-frosting/,<ul><li>2 cups shortening  8 cups confectioners' sugar  1/2 teaspoon salt  2 teaspoons clear imitation vanilla extract  6 fluid ounces heavy cream</li></ul>,"<ol><li>Cream shortening until fluffy.  Add confectioner's sugar and continue creaming until well blended.  Add salt, vanilla, and whipping cream blend on low speed until moistened.  Add additional whipping cream if necessary (up to 2 ounces).  Beat at high speed until frosting is fluffy.</li></ol>",,,
9cabac8225,Easy Sugar Cookies,https://cookpad.com/us/recipes/331015-easy-sugar-cookies,<ul><li>1 tsp baking soda  1/2 tsp baking powder  1 cup butter SOFT  1 1/2 cup sugar  1 egg  2 tsp vanilla  3 cup flour</li></ul>,"<ol><li>preheat oven to 375.  Stir together flour, baking soda, and baking powder.  Set aside.  Cream together sugar and SOFT butter.  butter must be soft or cookies will come out hard.  Add vanilla and egg.  gradually blend in dry ingredients.  Roll dough around on tsp into balls.  flour hands so dough does not stick to hands.  place onto ungreased cookie sheet.  bake 8 to 10 min or untill golden brown.  Let stand 2 min.  Enjoy!  !</li></ol>",,,
9cc494d4b3,Spooky Witches' Fingers,http://allrecipes.com/recipe/spooky-witches-fingers/,"<ul><li>1 cup butter, softened  1 cup confectioners' sugar  1 egg  1 teaspoon almond extract  1 teaspoon vanilla extract  2 2/3 cups all-purpose flour  1 teaspoon baking powder  1 teaspoon salt  3/4 cup whole almonds  1 (.75 ounce) tube red decorating gel</li></ul>","<ol><li>Combine the butter, sugar, egg, almond extract, and vanilla extract in a mixing bowl.  Beat together with an electric mixer; gradually add the flour, baking powder, and salt, continually beating; refrigerate 20 to 30 minutes.  Preheat oven to 325 degrees F (165 degrees C).  Lightly grease baking sheets.  Remove dough from refrigerator in small amounts.  Scoop 1 heaping teaspoon at a time onto a piece of waxed paper.  Use the waxed paper to roll the dough into a thin finger-shaped cookie.  Press one almond into one end of each cookie to give the appearance of a long fingernail.  Squeeze cookie near the tip and again near the center of each to give the impression of knuckles.  You can also cut into the dough with a sharp knife at the same points to help give a more finger-like appearance.  Arrange the shaped cookies on the baking sheets.  Bake in the preheated oven until the cookies are slightly golden in color, 20 to 25 minutes.  Remove the almond from the end of each cookie; squeeze a small amount of red decorating gel into the cavity; replace the almond to cause the gel to ooze out around the tip of the cookie.</li></ol>",,,
a444a573b1,Black Magic Cake,http://allrecipes.com/recipe/black-magic-cake/,<ul><li>1 3/4 cups all-purpose flour  2 cups white sugar  3/4 cup unsweetened cocoa powder  2 teaspoons baking soda  1 teaspoon baking powder  1 teaspoon salt  2 eggs  1 cup strong brewed coffee  1 cup buttermilk  1/2 cup vegetable oil  1 teaspoon vanilla extract</li></ul>,"<ol><li>Preheat oven to 350 degrees F (175 degrees C).  Grease and flour two 9 inch round cake pans or one 9x13 inch pan.  In large bowl combine flour, sugar, cocoa, baking soda, baking powder and salt.  Make a well in the center.  Add eggs, coffee, buttermilk, oil and vanilla.  Beat for 2 minutes on medium speed.  Batter will be thin.  Pour into prepared pans.  Bake at 350 degrees F (175 degrees C) for 30 to 40 minutes, or until toothpick inserted into center of cake comes out clean.  Cool for 10 minutes, then remove from pans and finish cooling on a wire rack.  Fill and frost as desired.</li></ol>",,,
b18238bfcc,Cream Cheese Frosting,http://allrecipes.com/recipe/cream-cheese-frosting-ii/,"<ul><li>2 (8 ounce) packages cream cheese, softened  1/2 cup butter, softened  2 cups sifted confectioners' sugar  1 teaspoon vanilla extract</li></ul>","<ol><li>In a medium bowl, cream together the cream cheese and butter until creamy.  Mix in the vanilla, then gradually stir in the confectioners' sugar.  Store in the refrigerator after use.</li></ol>",,,
c8cfd3be0b,Tiramisu Layer Cake,http://www.food.com/recipe/tiramisu-layer-cake-202785,<ul><li>1 (18 1/4 ounce) package white cake mix  3 egg whites (or as called for by your cake mix)  13 cup oil (or as called for by your cake mix)  1 13 cups water (or as called for by your cake mix)  2 teaspoons instant coffee powder  12 cup coffee  3 tablespoons Kahlua  1 (8 ounce) container mascarpone cheese  12 cup powdered sugar  2 tablespoons Kahlua  2 cups heavy cream  14 cup confectioners' sugar  2 tablespoons Kahlua  2 tablespoons unsweetened cocoa powder  1 (1 ounce) square semisweet chocolate</li></ul>,"<ol><li>Preheat oven to 350F Grease and flour 3 (9-inch) round pans.  Prepare the cake mix according to package directions.  Divide two thirds of batter between 2 pans.  Stir instant coffee into remaining batter; pour into remaining pan.  Bake in the preheated oven for 20-25 minutes, or until a toothpick inserted into the center of the cake comes out clean.  Let cool in pan for 10 minutes, then turn out onto a wire rack and cool completely.  In a measuring cup, combine brewed coffee and 3 tablespoons Kahlua; set aside.  To make the filling: In a small bowl, using an electric mixer set on low speed, combine mascarpone, 1/2 cup powdered sugar and 2 tablespoons Kahlua; beat just until smooth.  Cover with plastic wrap and refrigerate.  To make the frosting: In a medium bowl, using an electric mixer set on medium-high speed, beat the cream, 1/4 cup powdered sugar and 2 tablespoons Kahlua until stiff.  Fold 1/2 cup of cream mixture into filling mixture.  To assemble the cake: Place one plain cake layer on a serving plate.  Using a thin skewer, poke holes in cake, about 1 inch apart.  Spoon one third of reserved coffee mixture over cake, then spread with half of the filling mixture.  Top with coffee-flavored cake layer; poke holes in cake.  Spoon another third of the coffee mixture over the second layer and spread with the remaining filling.  Top with remaining cake layer; poke holes in cake.  Spoon remaining coffee mixture on top.  Spread sides and top of cake with frosting.  Place cocoa in a sieve and lightly dust top of cake.  Garnish with chocolate curls.  Refrigerate at least 30 minutes before serving.  To make the chocolate curls, use a vegetable peeler and run it down the edge of the chocolate bar.</li></ol>",,,
e418e92d38,Apple Pie by Grandma Ople,http://allrecipes.com/recipe/apple-pie-by-grandma-ople/,"<ul><li>1 recipe pastry for a 9 inch double crust pie  1/2 cup unsalted butter  3 tablespoons all-purpose flour  1/4 cup water  1/2 cup white sugar  1/2 cup packed brown sugar  8 Granny Smith apples - peeled, cored and sliced</li></ul>","<ol><li>Preheat oven to 425 degrees F (220 degrees C).  Melt the butter in a saucepan.  Stir in flour to form a paste.  Add water, white sugar and brown sugar, and bring to a boil.  Reduce temperature and let simmer.  Place the bottom crust in your pan.  Fill with apples, mounded slightly.  Cover with a lattice work crust.  Gently pour the sugar and butter liquid over the crust.  Pour slowly so that it does not run off.  Bake 15 minutes in the preheated oven.  Reduce the temperature to 350 degrees F (175 degrees C).  Continue baking for 35 to 45 minutes, until apples are soft.</li></ol>",,,
f41097bf07,Grandma's Lemon Meringue Pie,http://allrecipes.com/recipe/grandmas-lemon-meringue-pie/,"<ul><li>1 cup white sugar  2 tablespoons all-purpose flour  3 tablespoons cornstarch  1/4 teaspoon salt  1 1/2 cups water  2 lemons, juiced and zested  2 tablespoons butter  4 egg yolks, beaten  1 (9 inch) pie crust, baked  4 egg whites  6 tablespoons white sugar</li></ul>","<ol><li>Preheat oven to 350 degrees F (175 degrees C).  To Make Lemon Filling: In a medium saucepan, whisk together 1 cup sugar, flour, cornstarch, and salt.  Stir in water, lemon juice and lemon zest.  Cook over medium-high heat, stirring frequently, until mixture comes to a boil.  Stir in butter.  Place egg yolks in a small bowl and gradually whisk in 1/2 cup of hot sugar mixture.  Whisk egg yolk mixture back into remaining sugar mixture.  Bring to a boil and continue to cook while stirring constantly until thick.  Remove from heat.  Pour filling into baked pastry shell.  To Make Meringue: In a large glass or metal bowl, whip egg whites until foamy.  Add sugar gradually, and continue to whip until stiff peaks form.  Spread meringue over pie, sealing the edges at the crust.  Bake in preheated oven for 10 minutes, or until meringue is golden brown.</li></ol>",,,
